I'm so happy ,1_grinning_face
this is great,1_grinning_face
terrific,1_grinning_face
joyful ,1_grinning_face
happy ,1_grinning_face
wonderful,1_grinning_face
great,1_grinning_face
awesome,1_grinning_face
grinning face,1_grinning_face
lake ,1028_person_swimming
person swimming,1028_person_swimming
swim,1028_person_swimming
swimming,1028_person_swimming
bike,1119_motorcycle
motorbike,1119_motorcycle
motorcycle,1119_motorcycle
race bike ,1119_motorcycle
agree,1328_thumbs_up
plus one ,1328_thumbs_up
yes,1328_thumbs_up
I agree,1328_thumbs_up
plus 1,1328_thumbs_up
correct,1328_thumbs_up
absolutely,1328_thumbs_up
affirmative,1328_thumbs_up
clap,1388_clapping_hands
bravo,1388_clapping_hands
applause and cheers,1388_clapping_hands
well done,1388_clapping_hands
congratulations,1388_clapping_hands
love,1446_red_heart
hearts,1446_red_heart
loving this,1446_red_heart
I love you,1446_red_heart
heart ,1446_red_heart
queen of heart,1446_red_heart
red heart,1446_red_heart
girlfriend,1446_red_heart
boyfriend,1446_red_heart
husband,1446_red_heart
wife,1446_red_heart
kissing face,15_kissing_face
kissing face with closed eyes,15_kissing_face
kissing face with smiling eyes,15_kissing_face
monkey,1509_monkey
gorilla,1510_gorilla
dog,1512_dog
poodle,1512_dog
wolf face,1514_wolf_face
fox face,1515_fox_face
cat face,1516_cat_face
cat,1517_cat
lion face,1518_lion_face
tiger,1520_tiger
tiger face,1520_tiger
leopard,1521_leopard
horse face,1522_horse_face
horse,1523_horse
unicorn  ,1524_unicorn_face
unicorn face,1524_unicorn_face
deer,1526_deer
cow face,1527_cow_face
ox,1528_ox
water buffalo,1529_water_buffalo
cow,1530_cow
pig,1532_pig
pig nose,1532_pig
pork,1532_pig
boar,1533_boar
ram,1535_ram
ewe,1536_ewe
goat,1537_goat
camel,1538_camel
two-hump camel,1538_camel
elephant,1541_elephant
rhinoceros,1542_rhinoceros
mouse,1544_mouse
mouse face,1544_mouse
rat,1545_rat
rabbit,1548_rabbit
chipmunk,1549_chipmunk
bat,1551_bat
bear face,1552_bear_face
koala,1553_koala
panda face,1554_panda_face
paw prints,1555_paw_prints
turkey,1556_turkey
chicken,1557_chicken
rooster,1558_rooster
hatching chick,1559_hatching_chick
baby chick,1560_baby_chick
front-facing baby chick,1561_front-facing_baby_chick
bird,1562_bird
penguin,1563_penguin
dove,1564_dove
eagle,1565_eagle
duck,1566_duck
owl,1567_owl
frog face,1568_frog_face
crocodile,1569_crocodile
turtle,1570_turtle
lizard,1571_lizard
snake,1572_snake
hiss,1572_snake
slither,1572_snake
serpent,1572_snake
snake,1572_snake
dragon face,1573_dragon_face
dragon,1574_dragon
spouting whale,1577_spouting_whale
whale,1578_whale
dolphin,1579_dolphin
fish,1580_fish
tropical fish,1581_tropical_fish
blowfish,1582_blowfish
shark,1583_shark
octopus,1584_octopus
spiral shell,1585_spiral_shell
crab,1586_crab
shrimp,1587_shrimp
squid,1588_squid
snail,1589_snail
butterfly,1590_butterfly
bug,1591_bug
ant,1592_ant
honeybee,1593_honeybee
lady beetle,1594_lady_beetle
spider,1596_spider
spider web,1597_spider_web
scorpion,1598_scorpion
blossom,1603_rose
bouquet,1603_rose
cherry blossom,1603_rose
hibiscus,1603_rose
rose,1603_rose
rosette,1603_rose
sunflower,1603_rose
tulip,1603_rose
white flower,1603_rose
wilted flower,1603_rose
evergreen tree,1610_evergreen_tree
tree,1610_evergreen_tree
deciduous tree,1611_deciduous_tree
grapes,1621_grapes
melon,1622_melon
watermelon,1623_watermelon
tangerine,1624_tangerine
lemon,1625_lemon
banana,1626_banana
pineapple,1627_pineapple
red apple,1628_red_apple
green apple,1629_green_apple
pear,1630_pear
peach,1631_peach
cherries,1632_cherries
strawberry,1633_strawberry
kiwi fruit,1634_kiwi_fruit
tomato,1635_tomato
avocado,1637_avocado
eggplant,1638_eggplant
potato,1639_potato
carrot,1640_carrot
ear of corn,1641_ear_of_corn
hot pepper,1642_hot_pepper
cucumber,1643_cucumber
mushroom,1645_mushroom
peanuts,1646_peanuts
chestnut,1647_chestnut
hamburger,1658_hamburger
burger,1658_hamburger
burger and fries,1658_hamburger
fast food,1658_hamburger
food ,1669_pot_of_food
hungry,1669_pot_of_food
yummy,1669_pot_of_food
eat,1669_pot_of_food
want to eat,1669_pot_of_food
airplane,1835_airplane
fly,1835_airplane
flight,1835_airplane
travel,1835_airplane
rain,1906_cloud_with_lightning_and_rain
snow,1906_cloud_with_lightning_and_rain
wet,1906_cloud_with_lightning_and_rain
cloud with lightning and rain,1906_cloud_with_lightning_and_rain
weather,1906_cloud_with_lightning_and_rain
rainbow,1917_rainbow
colorful,1917_rainbow
color,1917_rainbow
iphone,1917_rainbow
tablet,1917_rainbow
computer,1917_rainbow
smartphone,1917_rainbow
technology,1917_rainbow
fire,1927_fire
fireplace,1927_fire
candle,1927_fire
burn,1927_fire
hot,1927_fire
heat,1927_fire
trick or treat,1930_jack-o-lantern
halloween,1930_jack-o-lantern
jack o lantern pumpkin,1930_jack-o-lantern
christmas,1931_Christmas_tree
holiday,1931_Christmas_tree
celebration,1931_Christmas_tree
santa claus ,1931_Christmas_tree
santa ,1931_Christmas_tree
beaming face with smiling eyes,2_beaming_face_with_smiling_eyes
dagger,2130_dagger
weapon,2130_dagger
sword,2130_dagger
hurt,2130_dagger
attack,2130_dagger
smart,2257_white_heavy_check_mark
brainy,2257_white_heavy_check_mark
coder,2257_white_heavy_check_mark
wise,2257_white_heavy_check_mark
you are smart,2257_white_heavy_check_mark
Australia,2376_Australia
Belgium,2383_Belgium
moose,2401_Canada
canada,2401_Canada
maple syrup,2401_Canada
maple trees,2401_Canada
mountains,2401_Canada
nice people,2401_Canada
beavers,2401_Canada
Canada,2401_Canada
Chile,2409_Chile
China,2411_China
Denmark,2424_Denmark
Egypt,2431_Egypt
European Union,2436_European_Union
Finland,2437_Finland
uk,2444_United_Kingdom
england,2444_United_Kingdom
tea,2444_United_Kingdom
great britain,2444_United_Kingdom
queen  ,2444_United_Kingdom
monarchy,2444_United_Kingdom
big ben,2444_United_Kingdom
parliament ,2444_United_Kingdom
United Kingdom,2444_United_Kingdom
Hong Kong SAR China,2462_Hong_Kong_SAR_China
North Korea,2489_North_Korea
South Korea,2490_South_Korea
Mexico,2525_Mexico
New Zealand,2539_New_Zealand
Sweden,2565_Sweden
USA,2603_United_States
land of free,2603_United_States
home of brave,2603_United_States
freedom,2603_United_States
constitution ,2603_United_States
democracy,2603_United_States
United States,2603_United_States
face with rolling eyes,27_face_with_rolling_eyes
smirking face,28_smirking_face
inverted,46_upside-down_face
upside-down face,46_upside-down_face
astonished face,48_astonished_face
wow,48_astonished_face
Ho Ho Ho Merry Xmas,528_Santa_Claus
Saint Nick,528_Santa_Claus
Santa,528_Santa_Claus
Santa Claus,528_Santa_Claus
sad,55_crying_face
sadness,55_crying_face
crying,55_crying_face
blue ,55_crying_face
unhappy,55_crying_face
down,55_crying_face
tears,55_crying_face
terrible,69_angry_face
angry,69_angry_face
rage,69_angry_face
mad and bad,69_angry_face
I hate you,69_angry_face
very mad at you,69_angry_face
super angry,69_angry_face
go to hell ,69_angry_face
devil,69_angry_face
evil,69_angry_face
hell,69_angry_face
angel,77_smiling_face_with_halo
halo,77_smiling_face_with_halo
cowboy hat face,78_cowboy_hat_face
clown,79_clown_face
clowns are creepy,79_clown_face
creepy ,79_clown_face
circus,79_clown_face
ghost,89_skull
skull,89_skull
skull and crossbones,89_skull
just kidding,9_winking_face
wink,9_winking_face
just joking,9_winking_face
not really ,9_winking_face
kidding,9_winking_face
joking,9_winking_face
maybe,9_winking_face
alien,92_alien
alien monster,92_alien
robot,94_robot_face
artificial intelligence,94_robot_face
robotics,94_robot_face
technology,94_robot_face
I like robots,94_robot_face
robot face,94_robot_face
manure,95_pile_of_poo
poo,95_pile_of_poo
poop,95_pile_of_poo
crap,95_pile_of_poo
shitty,95_pile_of_poo
fart,95_pile_of_poo
stink,95_pile_of_poo
cat,96_grinning_cat_face
feline,96_grinning_cat_face
grinning cat face,96_grinning_cat_face
meow,96_grinning_cat_face